"categoria","seq","escola","fav_ret","nao_fav_ret","apta"
"REDE MUNICIPAL","1","UME Alcides Lobo Viana, Dr.","10,38","89,62","Não"
"REDE MUNICIPAL","2","UME Andradas II, Dos","16,36","83,64","Não"
"REDE MUNICIPAL","3","UME Andradas, Dos","16,23","83,77","Não"
"REDE MUNICIPAL","4","UME Anízio Bento","10,99","89,01","Não"
"REDE MUNICIPAL","5","UME Antônio de Oliveira Passos Sobrinho, Profº","7,14","92,86","Não"
"REDE MUNICIPAL","6","UME Antonio Demóstenes de Souza Britto, Profº","23,17","76,83","Não"
"REDE MUNICIPAL","7","UME Auxiliadora da Instrução","13,08","86,92","Não"
"REDE MUNICIPAL","8","UME Avelino da Paz Vieira, Profº","20,00","80,00","Não"
"REDE MUNICIPAL","9","UME Ayrton Senna da Silva","10,00","90,00","Não"
"REDE MUNICIPAL","10","UME Barão do Rio Branco","14,11","85,89","Não"
"REDE MUNICIPAL","11","UME Candinha Ribeiro de Mendonça","7,14","92,86","Não"
"REDE MUNICIPAL","12","UME Cely de Moura Negrini, Profº","11,48","88,52","Não"
"REDE MUNICIPAL","13","UME Cidade de Santos","16,03","83,97","Não"
"REDE MUNICIPAL","14","UME Claudia Helena dos Santos Oliveira Correa","6,25","93,75","Não"
"REDE MUNICIPAL","15","UME Clóvis Bandeira Brasil, General","10,64","89,36","Não"
"REDE MUNICIPAL","16","UME Colégio Santista","19,69","80,31","Não"
"REDE MUNICIPAL","17","UME Cyro de Athayde Carneiro, Dr.","11,11","88,89","Não"
"REDE MUNICIPAL","18","UME Derosse José de Oliveira, Dr.","14,52","85,48","Não"
"REDE MUNICIPAL","19","UME Dino Bueno, Dr.","11,26","88,74","Não"
"REDE MUNICIPAL","20","UME Edméa Ladevig","10,43","89,57","Não"
"REDE MUNICIPAL","21","UME Elsa Virtuoso","7,69","92,31","Não"
"REDE MUNICIPAL","22","UME Emília Maria Reis, Profª","15,47","84,53","Não"
"REDE MUNICIPAL","23","UME Esmeraldo Tarquinio, Prefeito","18,60","81,40","Não"
"REDE MUNICIPAL","24","UME Eunice Caldas","15,15","84,85","Não"
"REDE MUNICIPAL","25","UME Fernando Costa, Dr.","11,54","88,46","Não"
"REDE MUNICIPAL","26","UME Flavio Cipriano Barbosa","4,76","95,24","Não"
"REDE MUNICIPAL","27","UME Florestan Fernandes, Profº","11,68","88,32","Não"
"REDE MUNICIPAL","28","UME Francisco Leite, Padre","11,67","88,33","Não"
"REDE MUNICIPAL","29","UME Gemma Rebelo","17,74","82,26","Não"
"REDE MUNICIPAL","30","UME Gota de Leite","23,02","76,98","Não"
"REDE MUNICIPAL","31","UME Hilda D’Onófrio Papa","0,00","100,00","Não"
"REDE MUNICIPAL","32","UME Hilda Rabaça","12,50","87,50","Não"
"REDE MUNICIPAL","33","UME Ilha Diana","0,00","100,00","Não"
"REDE MUNICIPAL","34","UME Iveta Mesquita Nogueira, Profª","30,14","69,86","Não"
"REDE MUNICIPAL","35","UME João Ignácio de Souza, Vereador","3,57","96,43","Não"
"REDE MUNICIPAL","36","UME João Papa Sobrinho, Profº","15,12","84,88","Não"
"REDE MUNICIPAL","37","UME João Walter Sampaio Smolka","0,00","100,00","Não"
"REDE MUNICIPAL","38","UME José Bonifácio","15,63","84,38","Não"
"REDE MUNICIPAL","39","UME José Carlos de Azevedo Jr.","15,85","84,15","Não"
"REDE MUNICIPAL","40","UME José da Costa Barbosa","10,42","89,58","Não"
"REDE MUNICIPAL","41","UME José da Costa e Silva Sobrinho, Dr.","13,43","86,57","Não"
"REDE MUNICIPAL","42","UME José de Sá Porto, Profº","0,00","100,00","Não"
"REDE MUNICIPAL","43","UME José Genésio, Irmão","5,00","95,00","Não"
"REDE MUNICIPAL","44","UME Laurival Rodrigues","12,90","87,10","Não"
"REDE MUNICIPAL","45","UME Leonardo Nunes, Padre","8,54","91,46","Não"
"REDE MUNICIPAL","46","UME Leonor Mendes de Barros","12,00","88,00","Não"
"REDE MUNICIPAL","47","UME Lourdes Ortiz","20,00","80,00","Não"
"REDE MUNICIPAL","48","UME Lúcio Floro, Padre","18,18","81,82","Não"
"REDE MUNICIPAL","49","UME Luiz Alca de Santana","10,00","90,00","Não"
"REDE MUNICIPAL","50","UME Luiz Carlos Prestes","12,07","87,93","Não"
"REDE MUNICIPAL","51","UME Luiz Lopes, Dr.","7,69","92,31","Não"
"REDE MUNICIPAL","52","UME Lydia Federici","18,33","81,67","Não"
"REDE MUNICIPAL","53","UME Magali Alonso, Profª","18,06","81,94","Não"
"REDE MUNICIPAL","54","UME Margareth Buchmann","17,74","82,26","Não"
"REDE MUNICIPAL","55","UME Maria Carmelita Proost Villaça, Profª","8,89","91,11","Não"
"REDE MUNICIPAL","56","UME Maria de Lourdes Borges Bernal, Profª","16,43","83,57","Não"
"REDE MUNICIPAL","57","UME Maria Dolores, Irmã","10,26","89,74","Não"
"REDE MUNICIPAL","58","UME Maria Helena Roxo, Profª","5,26","94,74","Não"
"REDE MUNICIPAL","59","UME Maria Lúcia Prandi","10,48","89,52","Não"
"REDE MUNICIPAL","60","UME Maria Luiza Alonso Silva, Profª","14,07","85,93","Não"
"REDE MUNICIPAL","61","UME Maria Luiza Simões Ribeiro, Profª","5,17","94,83","Não"
"REDE MUNICIPAL","62","UME Maria Patricia","19,05","80,95","Não"
"REDE MUNICIPAL","63","UME Mário de Almeida Alcântara, Profº","13,92","86,08","Não"
"REDE MUNICIPAL","64","UME Martins Fontes","8,62","91,38","Não"
"REDE MUNICIPAL","65","UME Monte Cabrão","12,77","87,23","Não"
"REDE MUNICIPAL","66","UME Nelson de Toledo Piza, Dr.","10,47","89,53","Não"
"REDE MUNICIPAL","67","UME Noel Gomes Ferreira","10,81","89,19","Não"
"REDE MUNICIPAL","68","UME Olavo Bilac","14,74","85,26","Não"
"REDE MUNICIPAL","69","UME Olívia Fernandes","14,29","85,71","Não"
"REDE MUNICIPAL","70","UME Oswaldo Justo, Prefeito","8,55","91,45","Não"
"REDE MUNICIPAL","71","UME Paulo Gomes Barbosa","12,39","87,61","Não"
"REDE MUNICIPAL","72","UME Pedro Crescenti, Profº","21,88","78,13","Não"
"REDE MUNICIPAL","73","UME Pedro II","19,57","80,43","Não"
"REDE MUNICIPAL","74","UME Porchat de Assis, Dr.","12,20","87,80","Não"
"REDE MUNICIPAL","75","UME Regina Altman","10,91","89,09","Não"
"REDE MUNICIPAL","76","UME Ricardo Sampaio, Judoca","16,67","83,33","Não"
"REDE MUNICIPAL","77","UME Rubens Lara, Deputado","18,12","81,88","Não"
"REDE MUNICIPAL","78","UME Samuel Augusto Leão de Moura, Dr.","19,23","80,77","Não"
"REDE MUNICIPAL","79","UME Sandra Cristina Teixeira da Gama","6,82","93,18","Não"
"REDE MUNICIPAL","80","UME Terezinha Maria Calçada Bastos","0,00","100,00","Não"
"REDE MUNICIPAL","81","UME Therezinha de Jesus Siqueira Pimentel, Profª","7,22","92,78","Não"
"REDE MUNICIPAL","82","UME Vinte e Oito de Fevereiro","8,28","91,72","Não"
"REDE MUNICIPAL","83","UME Waldemar Valle Martins, Padre","12,16","87,84","Não"
"REDE MUNICIPAL","84","UME Waldery de Almeida, Profº","12,93","87,07","Não"
"REDE MUNICIPAL","85","UME Yara Nascimento Santini","7,69","92,31","Não"
"ENTIDADES SUBVENCIONADAS","1","26 DE JUNHO AMEM - Associação Menor Enfermo Mental","13,64","86,36","Não"
"ENTIDADES SUBVENCIONADAS","2","30 DE JULHO Centro Espírita Beneficente","2,86","97,14","Não"
"ENTIDADES SUBVENCIONADAS","3","4 DE AGOSTO NUREX Núcleo Reabilitação Excep. - S. Vicente de Paulo","9,09","90,91","Não"
"ENTIDADES SUBVENCIONADAS","4","ACES - WALTER BERGAMO Associação das Crianças Especiais de Santos","0,00","100,00","Não"
"ENTIDADES SUBVENCIONADAS","5","ÁGAPE Creche e Educação Infantil","0,00","100,00","Não"
"ENTIDADES SUBVENCIONADAS","6","AMIGOS I Creche Comunitária (Morro)","31,82","68,18","Não"
"ENTIDADES SUBVENCIONADAS","7","AMIGOS II Creche Comunitária (ZN)","25,00","75,00","Não"
"ENTIDADES SUBVENCIONADAS","8","ANÁLIA FRANCO Educandário","33,33","66,67","Não"
"ENTIDADES SUBVENCIONADAS","9","ANCILLA DOMINI União","25,49","74,51","Não"
"ENTIDADES SUBVENCIONADAS","10","ANJOS DO AMANHÃ Creche","18,75","81,25","Não"
"ENTIDADES SUBVENCIONADAS","11","APAE SANTOS Escola Educação Especial","0,00","100,00","Não"
"ENTIDADES SUBVENCIONADAS","12","APAEA Associação Pais Amigos e Educadores de Autistas","15,38","84,62","Não"
"ENTIDADES SUBVENCIONADAS","13","ARCANJO RAFAEL Sociedade de Amor à Criança - Chico de Paula","36,11","63,89","Não"
"ENTIDADES SUBVENCIONADAS","14","ARCANJO RAFAEL Sociedade de Amor à Criança - Embaré","39,39","60,61","Não"
"ENTIDADES SUBVENCIONADAS","15","ARCANJO RAFAEL Sociedade de Amor à Criança - Marapé","36,62","63,38","Não"
"ENTIDADES SUBVENCIONADAS","16","CANTINHO ALEGRE Cruzada das Senhoras Católicas","44,19","55,81","Não"
"ENTIDADES SUBVENCIONADAS","17","CANTINHO DO RÁDIO CLUBE Creche Comunitária","0,00","100,00","Não"
"ENTIDADES SUBVENCIONADAS","18","CASA DA CRIANÇA DE SANTOS Associação","22,95","77,05","Não"
"ENTIDADES SUBVENCIONADAS","19","CASA DE ESTAR SANTOS Associação","16,67","83,33","Não"
"ENTIDADES SUBVENCIONADAS","20","CASA MÁGICA Associação Educ. Assistencial","16,67","83,33","Não"
"ENTIDADES SUBVENCIONADAS","21","CASA VÓ BENEDITA Associação","0,00","100,00","Não"
"ENTIDADES SUBVENCIONADAS","22","CCEV Centro de Convivência Esperança e Vida","0,00","100,00","Não"
"ENTIDADES SUBVENCIONADAS","23","CECON SANTA RITA Associação Ex-Alunos Colégio Stella Maris","0,00","100,00","Não"
"ENTIDADES SUBVENCIONADAS","24","CEREX Associação Pró-Centro Recuperação Excepcional","25,00","75,00","Não"
"ENTIDADES SUBVENCIONADAS","25","EDUCANDÁRIO SANTISTA","22,86","77,14","Não"
"ENTIDADES SUBVENCIONADAS","26","ESTRELA GUIA Creche e CECON - SAIEG","21,05","78,95","Não"
"ENTIDADES SUBVENCIONADAS","27","GALP GRUPO AMIGO LAR POBRE","0,00","100,00","Não"
"ENTIDADES SUBVENCIONADAS","28","GENTE MIÚDA Associação Fábrica de Solidariedade","11,11","88,89","Não"
"ENTIDADES SUBVENCIONADAS","29","GOTA DE LEITE Assistência à Infância de Santos","29,55","70,45","Não"
"ENTIDADES SUBVENCIONADAS","30","INSTITUTO EDUC. INF. SÃO JOSÉ Associação Social Sagrada Família - APASEM","50,00","50,00","Não"
"ENTIDADES SUBVENCIONADAS","31","INSTITUTO EVOLUÇÃO Escola Educação Inclusiva","22,22","77,78","Não"
"ENTIDADES SUBVENCIONADAS","32","IRMÃ SCHEILLA, Creche Lar Escola - Grupo Espírita Cristão de Santos","3,03","96,97","Não"
"ENTIDADES SUBVENCIONADAS","33","ISMÊNIA DE JESUS CRECHE Centro Espírita","18,75","81,25","Não"
"ENTIDADES SUBVENCIONADAS","34","LAR DAS MOÇAS CEGAS","12,50","87,50","Não"
"ENTIDADES SUBVENCIONADAS","35","LAR E FELICIDADE Creche e Pré Escola","20,83","79,17","Não"
"ENTIDADES SUBVENCIONADAS","36","LAR FELIZ, ABEC Creche e Pré Escola","35,00","65,00","Não"
"ENTIDADES SUBVENCIONADAS","37","MADRE ALIX Associação Ex-Alunos Colégio Stella Maris","33,33","66,67","Não"
"ENTIDADES SUBVENCIONADAS","38","MARIA IGNEZ P. BARBOSA Sociedade Filantrópica DAMASCO","15,38","84,62","Não"
"ENTIDADES SUBVENCIONADAS","39","MARIA MÁXIMO Creche Lar Escola","15,38","84,62","Não"
"ENTIDADES SUBVENCIONADAS","40","MEIMEI Associação Espírita Seara de Jesus","6,25","93,75","Não"
"ENTIDADES SUBVENCIONADAS","41","MENINO JESUS Creche","0,00","100,00","Não"
"ENTIDADES SUBVENCIONADAS","42","MUNDO NOVO CRECHE Associação","12,50","87,50","Não"
"ENTIDADES SUBVENCIONADAS","43","N. SRA. DO CARMO Centro Educação Infantil - Assistência Social da Ponta da Praia","20,00","80,00","Não"
"ENTIDADES SUBVENCIONADAS","44","N.SRA. DIVINA PROVIDÊNCIA Creche e Escola - Liga Benef. N.S.Divina Providência","38,10","61,90","Não"
"ENTIDADES SUBVENCIONADAS","45","NAPNE Núcleo Apoio Portadores de Necessidades Especiais","10,81","89,19","Não"
"ENTIDADES SUBVENCIONADAS","46","PADRE BENTO Creche - Associação Beneficente Eurípedes Barsanulfo","13,89","86,11","Não"
"ENTIDADES SUBVENCIONADAS","47","PADRE LUCIO FLORO Creche Associação Beneficente","18,75","81,25","Não"
"ENTIDADES SUBVENCIONADAS","48","PAGOBA Creche Maria Ignez P. Barbosa - Fundação PAULO GOMES BARBOSA","0,00","100,00","Não"
"ENTIDADES SUBVENCIONADAS","49","PRÓ-VIVER Obras Assistenciais e Educacionais","0,00","100,00","Não"
"ENTIDADES SUBVENCIONADAS","50","SANTO ANTONIO Creche - Sociedade São Vicente de Paulo","0,00","100,00","Não"
"ENTIDADES SUBVENCIONADAS","51","SÃO JORGE Creche Sociedade Filantrópica Ortodoxa","22,22","77,78","Não"
"ENTIDADES SUBVENCIONADAS","52","SIMONE HORCEZ Centro Interdisciplinar de Educação Especial","0,00","100,00","Não"
"ENTIDADES SUBVENCIONADAS","53","TIA EDNA Creche e N.R.I. -Instituição de Assist. à Criança - Profª Edna Souza","28,00","72,00","Não"
"ENTIDADES SUBVENCIONADAS","54","TIA EGLE Projeto Tia Egle - Assoc. Cult. Esport. Recreativo","25,00","75,00","Não"
"ENTIDADES SUBVENCIONADAS","55","TIA NILDA Creche da","14,29","85,71","Não"
"ENTIDADES SUBVENCIONADAS","56","UACEP - União de Amparo Comunidade Escolas Públicas","50,00","50,00","Não"
"REDE ESTADUAL","1","Alzira Martins Lichti - EE.Profª.","7,69","92,31","Não"
"REDE ESTADUAL","2","Antonio Ablas Filho - EE.DR.","28,57","71,43","Não"
"REDE ESTADUAL","3","Archimedes José Bava-Prof.Dr-CEEJA .","0,00","100,00","Não"
"REDE ESTADUAL","4","Azevedo Júnior - EE.","16,67","83,33","Não"
"REDE ESTADUAL","5","Barnabé EE.","0,00","100,00","Não"
"REDE ESTADUAL","6","Bartolomeu de Gusmão - EE.Padre","16,67","83,33","Não"
"REDE ESTADUAL","7","Benevenuto Madureira EE.Prof.","8,33","91,67","Não"
"REDE ESTADUAL","8","Braz Cubas - EE.","0,00","100,00","Não"
"REDE ESTADUAL","9","Canadá - EE.","12,50","87,50","Não"
"REDE ESTADUAL","10","Cleóbulo Amazonas Duarte - EE.DR.","0,00","100,00","Não"
"REDE ESTADUAL","11","Emílio Justo - EE.Deputado","16,67","83,33","Não"
"REDE ESTADUAL","12","ETEC Aristóteles Ferreira","23,08","76,92","Não"
"REDE ESTADUAL","13","Fatec Rubens Lara","25,00","75,00","Não"
"REDE ESTADUAL","14","Fernando de Azevedo - EE.Prof.","14,29","85,71","Não"
"REDE ESTADUAL","15","Francisco Meira - EE.Prof.","0,00","100,00","Não"
"REDE ESTADUAL","16","Gracinda Maria Ferreira - EE.Profª.","14,29","85,71","Não"
"REDE ESTADUAL","17","João Octávio dos Santos - EE.","8,33","91,67","Não"
"REDE ESTADUAL","18","Luiza Macuco - EE.Dona","7,69","92,31","Não"
"REDE ESTADUAL","19","Maria Aparecida Pasqualheta Figueiredo-CEEJA.","40,00","60,00","Não"
"REDE ESTADUAL","20","Marquês de São Vicente - EE.","13,64","86,36","Não"
"REDE ESTADUAL","21","Neves Prado Monteiro - EE.","7,14","92,86","Não"
"REDE ESTADUAL","22","Olga Cury - EE.","4,76","95,24","Não"
"REDE ESTADUAL","23","Paulo Filgueiras Jr. - EE.DR","7,69","92,31","Não"
"REDE ESTADUAL","24","Primo Ferreira - EE.Prof.","11,76","88,24","Não"
"REDE ESTADUAL","25","Ricardo Sampaio Cardoso - EE.Judoca","50,00","50,00","Não"
"REDE ESTADUAL","26","Suetônio Bittencourt Junior- EE.Prof.","0,00","100,00","Não"
"REDE ESTADUAL","27","Visconde de São Leopoldo - EE.","0,00","100,00","Não"
"REDE ESTADUAL","28","Zulmira Campos - EE.Profª.","28,57","71,43","Não"
"REDE PARTICULAR","1","ADVENTISTA DE SANTOS COLÉGIO","22,73","77,27","Não"
"REDE PARTICULAR","2","AEON EDUCACIONAL COLÉGIO","54,17","45,83","Sim"
"REDE PARTICULAR","3","AFONSO PENA COLÉGIO","18,37","81,63","Não"
"REDE PARTICULAR","4","ALEXANDRE HERCULANO COLÉGIO","42,86","57,14","Não"
"REDE PARTICULAR","5","ANGELUS DOMUS COLÉGIO","26,88","73,12","Não"
"REDE PARTICULAR","6","ANGLO SANTISTA COLÉGIO","26,09","73,91","Não"
"REDE PARTICULAR","7","APRENDIZ NUCLEO DE EDUCACAO INFANTIL","76,92","23,08","Sim"
"REDE PARTICULAR","8","AQUARELA ENSINO FUNDAMENTAL","12,12","87,88","Não"
"REDE PARTICULAR","9","ARCA ENCANTADA CENTRO DE EDUCACAO INFANTIL","66,67","33,33","Sim"
"REDE PARTICULAR","10","ARIANO COLÉGIO","48,84","51,16","Não"
"REDE PARTICULAR","11","ASSOCIAÇÃO PEDAGÓGICA WALDORF SANTOS","25,93","74,07","Não"
"REDE PARTICULAR","12","ATENEU BRASILIA COLÉGIO","53,70","46,30","Sim"
"REDE PARTICULAR","13","ATLAS COLÉGIO","41,46","58,54","Não"
"REDE PARTICULAR","14","ATRIO TATIBITATI COLÉGIO","30,19","69,81","Não"
"REDE PARTICULAR","15","BALÃO MAGICO COLÉGIO","100,00","0,00","Não"
"REDE PARTICULAR","16","BERÇARIO NOVO TEMPO","93,75","6,25","Sim"
"REDE PARTICULAR","17","BOQUEIRÃO ESCOLA DO","22,64","77,36","Não"
"REDE PARTICULAR","18","BORBA GATO COLÉGIO","48,48","51,52","Não"
"REDE PARTICULAR","19","BRINCANDO SÉRIO NUCLEO DE RECREAÇAO INFANTIL","45,45","54,55","Não"
"REDE PARTICULAR","20","BRINCAR E APRENDER ESCOLA DE EDUCACAO INFANTIL","50,00","50,00","Não"
"REDE PARTICULAR","21","CANTINHO DA DISNEY RECREACAO INFANTIL","72,00","28,00","Sim"
"REDE PARTICULAR","22","CANTOS E ENCANTOS BERÇÁRIO E EDUCAÇÃO INFANTIL","76,54","23,46","Sim"
"REDE PARTICULAR","23","CARMO COLÉGIO","45,24","54,76","Não"
"REDE PARTICULAR","24","CASA BRANCA SCHOOL","33,87","66,13","Não"
"REDE PARTICULAR","25","CASA BRANCA SCHOOL ENSINO FUNDAMENTAL","30,99","69,01","Não"
"REDE PARTICULAR","26","CASTELO MAGICO ESCOLA DE EDUCACAO INFANTIL","52,38","47,62","Sim"
"REDE PARTICULAR","27","CELIA PFEIFER ESCOLA DE EDUCAÇÃO INCLUSIVA","14,29","85,71","Não"
"REDE PARTICULAR","28","COC UNIVERSITÁRIO DE SANTOS COLÉGIO","36,84","63,16","Não"
"REDE PARTICULAR","29","COLEGIO DOM ENSINO INFANTIL","87,80","12,20","Sim"
"REDE PARTICULAR","30","COLEGIO PLENITUDE EDUCAÇÃO INFANTIL","66,67","33,33","Sim"
"REDE PARTICULAR","31","COMECINHO DE VIDA NUCLEO DE RECREAÇÃO INFANTIL - I","59,38","40,63","Sim"
"REDE PARTICULAR","32","COMECINHO DE VIDA NUCLEO DE RECREACAO INFANTIL - II","52,00","48,00","Sim"
"REDE PARTICULAR","33","COMPANHIA DA CRIANCA BERCARIO E EDUCACAO INFANTIL","91,20","8,80","Sim"
"REDE PARTICULAR","34","CONGONHAS ESCOLA TÉCNICA EACON","0,00","100,00","Não"
"REDE PARTICULAR","35","CONHECER ESCOLA DE EDUCAÇÃO INFANTIL E EDUCAÇÃO FUNDAMENTAL","21,74","78,26","Não"
"REDE PARTICULAR","36","CRISTAL MAGICO RECREACAO INFANTIL","75,00","25,00","Sim"
"REDE PARTICULAR","37","ECOLOGIA COLÉGIO","57,14","42,86","Sim"
"REDE PARTICULAR","38","EDUARDO BALLERINI ESCOLA ESPECIAL","0,00","100,00","Não"
"REDE PARTICULAR","39","EDUCAR E CIA NUCLEO DE RECREACAO INFANTIL","70,63","29,38","Sim"
"REDE PARTICULAR","40","EDUCARTE ESCOLA","16,33","83,67","Não"
"REDE PARTICULAR","41","EL SHADAY ESCOLA DE SANTOS UNIDADE II","66,67","33,33","Não"
"REDE PARTICULAR","42","ESCADA DO TEMPO ESCOLA EDUCAÇÃO INFANTIL ENSINO FUNDAMENTAL","35,29","64,71","Não"
"REDE PARTICULAR","43","ESCOLA AMERICANA DE SANTOS – ESTABELECIMENTO DE ENSINO","49,26","50,74","Não"
"REDE PARTICULAR","44","ESCOLA INTERNACIONAL NOVA GERAÇÃO","0,00","100,00","Não"
"REDE PARTICULAR","45","ESCOLA SAINT MARY’S SCHOOL","63,64","36,36","Sim"
"REDE PARTICULAR","46","ESCOLA VERDE QUE TE QUERO VERDE","69,07","30,93","Sim"
"REDE PARTICULAR","47","ESPAÇO CRIANÇA BERÇARIO E EDUCAÇÃO INFANTIL","80,56","19,44","Sim"
"REDE PARTICULAR","48","ESPERANÇA E VIDA CENTRO DE CONVIVÊNCIA EE E EF","0,00","100,00","Não"
"REDE PARTICULAR","49","ESTRELA COLÉGIO","50,00","50,00","Não"
"REDE PARTICULAR","50","EVOLUIR ESCOLA","61,76","38,24","Sim"
"REDE PARTICULAR","51","FENIX ESCOLA DE EDUCACAO INFANTIL","78,26","21,74","Sim"
"REDE PARTICULAR","52","FLAUTA MÁGICA","41,51","58,49","Não"
"REDE PARTICULAR","53","FLORESTA ENCANTADA JARDIM DA INFANCIA","78,95","21,05","Sim"
"REDE PARTICULAR","54","FORMANDO LIDERANÇAS POSITIVUS COLÉGIO","12,50","87,50","Não"
"REDE PARTICULAR","55","FUTURO COLÉGIO","50,00","50,00","Não"
"REDE PARTICULAR","56","GATO XADREZ NUCLEO DE RECREACAO INFANTIL","22,22","77,78","Não"
"REDE PARTICULAR","57","GERAÇÃO FUTURO ESCOLA DE EDUCAÇÃO INFANTIL ENSINO FUNDAM","28,57","71,43","Não"
"REDE PARTICULAR","58","INTELECTUS COLÉGIO","31,25","68,75","Não"
"REDE PARTICULAR","59","INTERATIVO COLÉGIO","16,67","83,33","Não"
"REDE PARTICULAR","60","IPE ESCOLA DE EDUCACAO INFANTIL","87,50","12,50","Sim"
"REDE PARTICULAR","61","JARDIM DO GARIBALDO ESCOLA DE EDUCACAO INFANTIL","62,50","37,50","Sim"
"REDE PARTICULAR","62","JEAN PIAGET COLÉGIO","46,09","53,91","Não"
"REDE PARTICULAR","63","KAIROS COLÉGIO","50,00","50,00","Não"
"REDE PARTICULAR","64","KENNEDY PRESIDENTE COLÉGIO","26,03","73,97","Não"
"REDE PARTICULAR","65","LAMEC COLÉGIO","23,98","76,02","Não"
"REDE PARTICULAR","66","LICEU SANTISTA","27,60","72,40","Não"
"REDE PARTICULAR","67","LICEU SÃO PAULO","24,88","75,12","Não"
"REDE PARTICULAR","68","LUPE PICASSO INSTITUTO EDUCACIONAL","43,16","56,84","Não"
"REDE PARTICULAR","69","LUXOR ESCOLA EDUCACAO INFANTIL","83,61","16,39","Sim"
"REDE PARTICULAR","70","MAPLE BEAR SANTOS","62,86","37,14","Sim"
"REDE PARTICULAR","71","MODELO ESCOLA","20,00","80,00","Não"
"REDE PARTICULAR","72","MODERNO COLÉGIO – ADALBERTO SOUZA DA SILVA","0,00","100,00","Não"
"REDE PARTICULAR","73","MUNDO FELIZ NUCLEO DE RECREACAO INFANTIL","94,12","5,88","Sim"
"REDE PARTICULAR","74","NOVO TEMPO COLEGIO","72,40","27,60","Sim"
"REDE PARTICULAR","75","NOVOS CAMINHOS ESCOLA","5,56","94,44","Não"
"REDE PARTICULAR","76","OBJETIVO CENTRO EDUCACIONAL DO LITORAL","49,58","50,42","Não"
"REDE PARTICULAR","77","OLIVEIRAS ESCOLA","53,85","46,15","Não"
"REDE PARTICULAR","78","OMEGA COLÉGIO","25,40","74,60","Não"
"REDE PARTICULAR","79","ONIS COLÉGIO","27,50","72,50","Não"
"REDE PARTICULAR","80","ORDEM E PROGRESSO ESCOLA ESPIRITUALISTA","15,79","84,21","Não"
"REDE PARTICULAR","81","PAX COLÉGIO","36,96","63,04","Não"
"REDE PARTICULAR","82","PECOMPE ESCOLA EDUCACAO INFANTIL","87,14","12,86","Sim"
"REDE PARTICULAR","83","PEQUENO PRÍNCIPE ESCOLA","21,37","78,63","Não"
"REDE PARTICULAR","84","PINTANDO ALEGRIA NUCLEO DE EDUCACAO INFANTIL","54,55","45,45","Não"
"REDE PARTICULAR","85","PIRILAMPO ESCOLA DE EDUCACAO INFANTIL","39,39","60,61","Não"
"REDE PARTICULAR","86","PIXOTE EM EVOLUCAO ESCOLA DE EDUCACO INFANTIL","69,57","30,43","Sim"
"REDE PARTICULAR","87","PORTAL BRASIL COLÉGIO","24,53","75,47","Não"
"REDE PARTICULAR","88","PORTO SANTISTA COLÉGIO","87,88","12,12","Sim"
"REDE PARTICULAR","89","PRIMEIROS PASSOS BERCARIO E EDUCACAO INFANTIL","80,36","19,64","Sim"
"REDE PARTICULAR","90","PRIMEIROS TRACOS ESCOLA DE EDUCACAO INFANTIL","82,61","17,39","Sim"
"REDE PARTICULAR","91","PROGRESSO BILÍNGUE","31,88","68,13","Não"
"REDE PARTICULAR","92","PROGRESSO SANTISTA COLÉGIO","15,87","84,13","Não"
"REDE PARTICULAR","93","QUERUBIM NUCLEO DE RECREACAO INFANTIL","66,67","33,33","Sim"
"REDE PARTICULAR","94","RAÍZES ESCOLA","85,71","14,29","Sim"
"REDE PARTICULAR","95","RAMOS LOPEZ COLÉGIO","0,00","100,00","Não"
"REDE PARTICULAR","96","REGINA ALTMAN ESCOLA DE EDUCAÇÃO INFANTIL E FUNDAMENTAL","8,11","91,89","Não"
"REDE PARTICULAR","97","REINO DO CARINHO CENTRO DE RECREACAO INFANTIL","77,78","22,22","Sim"
"REDE PARTICULAR","98","RENOVAÇÃO COLÉGIO","28,40","71,60","Não"
"REDE PARTICULAR","99","RISCO E RABISCO NÚCLEO DE RECREAÇÃO INFANTIL","58,97","41,03","Sim"
"REDE PARTICULAR","100","RITA DE CASSIA COLÉGIO","28,36","71,64","Não"
"REDE PARTICULAR","101","SANTA CECILIA COLÉGIO","25,76","74,24","Não"
"REDE PARTICULAR","102","SANTA INÊS COLÉGIO EIFM","13,33","86,67","Não"
"REDE PARTICULAR","103","SANTISTA COLÉGIO ATENEU","21,85","78,15","Não"
"REDE PARTICULAR","104","SÃO JOSE COLÉGIO","35,33","64,67","Não"
"REDE PARTICULAR","105","SÃO LUIZ EXTERNATO","0,00","100,00","Não"
"REDE PARTICULAR","106","SATURNINO DE BRITO COLÉGIO","32,95","67,05","Não"
"REDE PARTICULAR","107","SEMEANDO NUCLEO DE RECREACAO INFANTIL","100,00","0,00","Sim"
"REDE PARTICULAR","108","SEMENTINHA RECREACAO INFANTIL","23,26","76,74","Não"
"REDE PARTICULAR","109","SENADOR FEIJÓ ESCOLA DE EDUCAÇÃO ESPECIAL","14,29","85,71","Não"
"REDE PARTICULAR","110","SENIOR COLÉGIO","13,67","86,33","Não"
"REDE PARTICULAR","111","SESI – Centro Educacional","14,89","85,11","Não"
"REDE PARTICULAR","112","SOUZA BRASIL COLÉGIO","34,78","65,22","Não"
"REDE PARTICULAR","113","STELLA MARIS COLÉGIO","39,16","60,84","Não"
"REDE PARTICULAR","114","SUPERANDO COLÉGIO","22,22","77,78","Não"
"REDE PARTICULAR","115","TIA CLAUDIA ESCOLA DE EDUCACAO INFANTIL","63,64","36,36","Sim"
"REDE PARTICULAR","116","TIC TAC ESCOLA DE EDUCACAO INFANTIL","0,00","100,00","Não"
"REDE PARTICULAR","117","TRADIÇÃO COLÉGIO","20,53","79,47","Não"
"REDE PARTICULAR","118","TREINASSE ESCOLA TÉCNICA","66,67","33,33","Sim"
"REDE PARTICULAR","119","TRO LO LO ESCOLA DE EDUCACAO NFANTIL","64,44","35,56","Sim"
"REDE PARTICULAR","120","UNILUS COLÉGIO","16,67","83,33","Não"
"REDE PARTICULAR","121","UNIVERSITAS COLÉGIO EDUCAÇÃO INFANTIL E ENSINO FUNDAMENTAL,MÉDIO","39,87","60,13","Não"
"REDE PARTICULAR","122","VERTEX COLÉGIO","25,27","74,73","Não"
"REDE PARTICULAR","123","VILA FELIZ BERCARIO E EDUCACAO INFANTIL","91,34","8,66","Sim"
"REDE PARTICULAR","124","VILINHA BERCARIO E EDUCACAO INFANTIL","83,33","16,67","Sim"
"REDE PARTICULAR","125","VITORIA NERES COLÉGIO","10,00","90,00","Não"
"REDE PARTICULAR","126","WALT DISNEY ESCOLA DE EDUCACAO INFANTIL","34,62","65,38","Não"
"REDE PARTICULAR","127","XIII DE JULHO ESCOLA DE EDUCACAO INFANTIL E FUNDAMENTAL","26,09","73,91","Não"
